Scenario,Algorithm,Run,Seed,Penalty,Feasible,Z3_Verified,Collision_Count,Deadline_Violations,Total_Deadline_Lateness,Total_Latency,Max_Latency,Train_Time,Inference_or_Search_Time
Small,GA,1,11,0,True,True,0,0,0,15,7,-,0.07812309265136719
Small,GA_Repair,1,11,10,False,False,0,1,1,15,7,-,0.08510136604309082
Small,RL_PPO,1,11,0,True,True,0,0,0,15,7,18.736826181411743,0.0034232139587402344
Small,RL_PPO_Repair,1,11,0,True,True,0,0,0,15,7,29.896651029586792,0.0042877197265625
Small,SA,1,11,0,True,True,0,0,0,15,7,-,0.012601375579833984
Small,SA_Repair,1,11,0,True,True,0,0,0,15,7,-,0.009164094924926758
Small,Z3_Only,1,11,0,True,True,0,0,0,15,7,-,0.0043184757232666016
Small,GA,2,22,0,True,True,0,0,0,15,7,-,0.09859085083007812
Small,GA_Repair,2,22,0,True,True,0,0,0,15,7,-,0.0718226432800293
Small,RL_PPO,2,22,0,True,True,0,0,0,15,7,25.77908730506897,0.005846261978149414
Small,RL_PPO_Repair,2,22,0,True,True,0,0,0,15,7,16.41780185699463,0.0034797191619873047
Small,SA,2,22,0,True,True,0,0,0,15,7,-,0.005398988723754883
Small,SA_Repair,2,22,0,True,True,0,0,0,15,7,-,0.001013040542602539
Small,Z3_Only,2,22,0,True,True,0,0,0,15,7,-,0.004698753356933594
Small,GA,3,33,0,True,True,0,0,0,15,7,-,0.0748896598815918
Small,GA_Repair,3,33,0,True,True,0,0,0,15,7,-,0.0733644962310791
Small,RL_PPO,3,33,0,True,True,0,0,0,15,7,25.01170063018799,0.002724885940551758
Small,RL_PPO_Repair,3,33,0,True,True,0,0,0,15,7,21.26571273803711,0.0035707950592041016
Small,SA,3,33,0,True,True,0,0,0,15,7,-,0.008877038955688477
Small,SA_Repair,3,33,0,True,True,0,0,0,15,7,-,0.003624439239501953
Small,Z3_Only,3,33,0,True,True,0,0,0,15,7,-,0.003281831741333008
Small,GA,4,44,0,True,True,0,0,0,15,7,-,0.06584525108337402
Small,GA_Repair,4,44,0,True,True,0,0,0,15,7,-,0.06558442115783691
Small,RL_PPO,4,44,0,True,True,0,0,0,15,7,18.081525564193726,0.004843235015869141
Small,RL_PPO_Repair,4,44,0,True,True,0,0,0,15,7,18.784998178482056,0.0027594566345214844
Small,SA,4,44,0,True,True,0,0,0,15,7,-,0.0005729198455810547
Small,SA_Repair,4,44,0,True,True,0,0,0,15,7,-,0.007712602615356445
Small,Z3_Only,4,44,0,True,True,0,0,0,15,7,-,0.004326820373535156
Small,GA,5,55,0,True,True,0,0,0,15,7,-,0.10892224311828613
Small,GA_Repair,5,55,0,True,True,0,0,0,15,7,-,0.12393903732299805
Small,RL_PPO,5,55,0,True,True,0,0,0,15,7,20.368557929992676,0.005160331726074219
Small,RL_PPO_Repair,5,55,0,True,True,0,0,0,15,7,25.700392484664917,0.004027843475341797
Small,SA,5,55,0,True,True,0,0,0,15,7,-,0.0019466876983642578
Small,SA_Repair,5,55,0,True,True,0,0,0,15,7,-,0.004872322082519531
Small,Z3_Only,5,55,0,True,True,0,0,0,15,7,-,0.006549358367919922
Small,GA,6,66,0,True,True,0,0,0,15,7,-,0.11348414421081543
Small,GA_Repair,6,66,0,True,True,0,0,0,15,7,-,0.11699533462524414
Small,RL_PPO,6,66,0,True,True,0,0,0,15,7,18.120757579803467,0.0029861927032470703
Small,RL_PPO_Repair,6,66,0,True,True,0,0,0,15,7,17.014306783676147,0.0024268627166748047
Small,SA,6,66,0,True,True,0,0,0,15,7,-,0.003611326217651367
Small,SA_Repair,6,66,0,True,True,0,0,0,15,7,-,0.004858732223510742
Small,Z3_Only,6,66,0,True,True,0,0,0,15,7,-,0.0035238265991210938
Small,GA,7,77,0,True,True,0,0,0,15,7,-,0.06660890579223633
Small,GA_Repair,7,77,0,True,True,0,0,0,15,7,-,0.06521439552307129
Small,RL_PPO,7,77,0,True,True,0,0,0,15,7,16.452635049819946,0.0029473304748535156
Small,RL_PPO_Repair,7,77,0,True,True,0,0,0,15,7,17.900679349899292,0.0026853084564208984
Small,SA,7,77,0,True,True,0,0,0,15,7,-,0.00404047966003418
Small,SA_Repair,7,77,0,True,True,0,0,0,15,7,-,0.0013287067413330078
Small,Z3_Only,7,77,0,True,True,0,0,0,15,7,-,0.00465846061706543
Small,GA,8,88,0,True,True,0,0,0,15,7,-,0.08159089088439941
Small,GA_Repair,8,88,0,True,True,0,0,0,15,7,-,0.07458329200744629
Small,RL_PPO,8,88,0,True,True,0,0,0,15,7,17.09208917617798,0.0030803680419921875
Small,RL_PPO_Repair,8,88,0,True,True,0,0,0,15,7,17.057913780212402,0.0051212310791015625
Small,SA,8,88,0,True,True,0,0,0,15,7,-,0.020984888076782227
Small,SA_Repair,8,88,0,True,True,0,0,0,15,7,-,0.024077653884887695
Small,Z3_Only,8,88,0,True,True,0,0,0,15,7,-,0.004620552062988281
Small,GA,9,99,0,True,True,0,0,0,15,7,-,0.08153128623962402
Small,GA_Repair,9,99,0,True,True,0,0,0,15,7,-,0.07611250877380371
Small,RL_PPO,9,99,0,True,True,0,0,0,15,7,15.278392791748047,0.0023441314697265625
Small,RL_PPO_Repair,9,99,0,True,True,0,0,0,15,7,16.310519695281982,0.0027594566345214844
Small,SA,9,99,0,True,True,0,0,0,15,7,-,0.0007474422454833984
Small,SA_Repair,9,99,0,True,True,0,0,0,15,7,-,0.0074024200439453125
Small,Z3_Only,9,99,0,True,True,0,0,0,15,7,-,0.004189968109130859
Small,GA,10,111,10,False,False,0,1,1,15,7,-,0.07596230506896973
Small,GA_Repair,10,111,0,True,True,0,0,0,15,7,-,0.08179259300231934
Small,RL_PPO,10,111,0,True,True,0,0,0,15,7,17.013988494873047,0.003439664840698242
Small,RL_PPO_Repair,10,111,0,True,True,0,0,0,15,7,21.37200927734375,0.0036482810974121094
Small,SA,10,111,0,True,True,0,0,0,15,7,-,0.0023338794708251953
Small,SA_Repair,10,111,0,True,True,0,0,0,15,7,-,0.0021429061889648438
Small,Z3_Only,10,111,0,True,True,0,0,0,15,7,-,0.004575967788696289
Medium,GA,1,11,10,False,False,0,1,1,30,9,-,0.10968828201293945
Medium,GA_Repair,1,11,0,True,True,0,0,0,30,9,-,0.0962371826171875
Medium,RL_PPO,1,11,120,False,False,3,0,0,30,9,20.182446479797363,0.0044820308685302734
Medium,RL_PPO_Repair,1,11,20,False,False,0,1,2,30,9,18.107120990753174,0.0053253173828125
Medium,SA,1,11,0,True,True,0,0,0,30,9,-,0.011647939682006836
Medium,SA_Repair,1,11,0,True,True,0,0,0,30,9,-,0.04767107963562012
Medium,Z3_Only,1,11,0,True,True,0,0,0,30,9,-,0.015712261199951172
Medium,GA,2,22,0,True,True,0,0,0,30,9,-,0.21156096458435059
Medium,GA_Repair,2,22,20,False,False,0,1,2,30,9,-,0.20247530937194824
Medium,RL_PPO,2,22,160,False,False,4,0,0,30,9,20.18965768814087,0.004957437515258789
Medium,RL_PPO_Repair,2,22,30,False,False,0,1,3,30,9,20.919687271118164,0.0048236846923828125
Medium,SA,2,22,0,True,True,0,0,0,30,9,-,0.012306928634643555
Medium,SA_Repair,2,22,0,True,True,0,0,0,30,9,-,0.04234457015991211
Medium,Z3_Only,2,22,0,True,True,0,0,0,30,9,-,0.01054072380065918
Medium,GA,3,33,0,True,True,0,0,0,30,9,-,0.12258291244506836
Medium,GA_Repair,3,33,10,False,False,0,1,1,30,9,-,0.11459922790527344
Medium,RL_PPO,3,33,120,False,False,3,0,0,30,9,19.62790822982788,0.005232572555541992
Medium,RL_PPO_Repair,3,33,0,True,True,0,0,0,30,9,19.11616611480713,0.003966093063354492
Medium,SA,3,33,0,True,True,0,0,0,30,9,-,0.0022857189178466797
Medium,SA_Repair,3,33,0,True,True,0,0,0,30,9,-,0.04147005081176758
Medium,Z3_Only,3,33,0,True,True,0,0,0,30,9,-,0.014306068420410156
Medium,GA,4,44,0,True,True,0,0,0,30,9,-,0.12604618072509766
Medium,GA_Repair,4,44,0,True,True,0,0,0,30,9,-,0.09110379219055176
Medium,RL_PPO,4,44,140,False,False,3,1,2,30,9,17.347903728485107,0.005840778350830078
Medium,RL_PPO_Repair,4,44,0,True,True,0,0,0,30,9,18.411200046539307,0.016817331314086914
Medium,SA,4,44,0,True,True,0,0,0,30,9,-,0.018823862075805664
Medium,SA_Repair,4,44,0,True,True,0,0,0,30,9,-,0.04314827919006348
Medium,Z3_Only,4,44,0,True,True,0,0,0,30,9,-,0.01172947883605957
Medium,GA,5,55,0,True,True,0,0,0,30,9,-,0.10715222358703613
Medium,GA_Repair,5,55,0,True,True,0,0,0,30,9,-,0.10635495185852051
Medium,RL_PPO,5,55,120,False,False,3,0,0,30,9,18.737478256225586,0.004263401031494141
Medium,RL_PPO_Repair,5,55,30,False,False,0,1,3,30,9,21.23851490020752,0.004701137542724609
Medium,SA,5,55,0,True,True,0,0,0,30,9,-,0.022306442260742188
Medium,SA_Repair,5,55,0,True,True,0,0,0,30,9,-,0.00788736343383789
Medium,Z3_Only,5,55,0,True,True,0,0,0,30,9,-,0.009524345397949219
Medium,GA,6,66,0,True,True,0,0,0,30,9,-,0.09601902961730957
Medium,GA_Repair,6,66,20,False,False,1,0,0,30,9,-,0.12997174263000488
Medium,RL_PPO,6,66,100,False,False,3,0,0,30,9,19.333182334899902,0.005572795867919922
Medium,RL_PPO_Repair,6,66,0,True,True,0,0,0,30,9,19.837719917297363,0.0047113895416259766
Medium,SA,6,66,0,True,True,0,0,0,30,9,-,0.00446629524230957
Medium,SA_Repair,6,66,0,True,True,0,0,0,30,9,-,0.02827620506286621
Medium,Z3_Only,6,66,0,True,True,0,0,0,30,9,-,0.008618354797363281
Medium,GA,7,77,0,True,True,0,0,0,30,9,-,0.10315537452697754
Medium,GA_Repair,7,77,0,True,True,0,0,0,30,9,-,0.11198282241821289
Medium,RL_PPO,7,77,120,False,False,3,0,0,30,9,17.060990571975708,0.003595590591430664
Medium,RL_PPO_Repair,7,77,0,True,True,0,0,0,30,9,19.781800985336304,0.004531383514404297
Medium,SA,7,77,0,True,True,0,0,0,30,9,-,0.030356168746948242
Medium,SA_Repair,7,77,0,True,True,0,0,0,30,9,-,0.02211785316467285
Medium,Z3_Only,7,77,0,True,True,0,0,0,30,9,-,0.008327960968017578
Medium,GA,8,88,0,True,True,0,0,0,30,9,-,0.09931039810180664
Medium,GA_Repair,8,88,10,False,False,0,1,1,30,9,-,0.10292935371398926
Medium,RL_PPO,8,88,60,False,False,2,0,0,30,9,20.354281663894653,0.010474920272827148
Medium,RL_PPO_Repair,8,88,20,False,False,0,1,2,30,9,18.295210123062134,0.004397153854370117
Medium,SA,8,88,0,True,True,0,0,0,30,9,-,0.01331782341003418
Medium,SA_Repair,8,88,0,True,True,0,0,0,30,9,-,0.016597747802734375
Medium,Z3_Only,8,88,0,True,True,0,0,0,30,9,-,0.0074901580810546875
Medium,GA,9,99,0,True,True,0,0,0,30,9,-,0.08353018760681152
Medium,GA_Repair,9,99,0,True,True,0,0,0,30,9,-,0.09122776985168457
Medium,RL_PPO,9,99,140,False,False,4,0,0,30,9,16.98627495765686,0.0042264461517333984
Medium,RL_PPO_Repair,9,99,0,True,True,0,0,0,30,9,16.46787738800049,0.00587153434753418
Medium,SA,9,99,0,True,True,0,0,0,30,9,-,0.02488255500793457
Medium,SA_Repair,9,99,0,True,True,0,0,0,30,9,-,0.025176048278808594
Medium,Z3_Only,9,99,0,True,True,0,0,0,30,9,-,0.009093284606933594
Medium,GA,10,111,10,False,False,0,1,1,30,9,-,0.11467790603637695
Medium,GA_Repair,10,111,0,True,True,0,0,0,30,9,-,0.12435269355773926
Medium,RL_PPO,10,111,160,False,False,4,0,0,30,9,17.544440269470215,0.004762411117553711
Medium,RL_PPO_Repair,10,111,0,True,True,0,0,0,30,9,17.709210872650146,0.003675222396850586
Medium,SA,10,111,0,True,True,0,0,0,30,9,-,0.010870218276977539
Medium,SA_Repair,10,111,0,True,True,0,0,0,30,9,-,0.014447689056396484
Medium,Z3_Only,10,111,0,True,True,0,0,0,30,9,-,0.0075147151947021484
